number_share,gain,time_spend,memory
no unit,euros,seconds,%
18,177.391708,1.0119266510009766,60.7
19,187.197949,2.066962718963623,60.7
20,196.61119200000002,3.050610065460205,60.7
